camlp4rf_1414285.bin,1414285
ocamlc_3832547.bin,3832547
camlp4oof_1499326.bin,1499326
camlp4r_1262618.bin,1262618
gst-typefind-1_24295.bin,24295
ocamlmktop_974.bin,974
camlp4r_5082824.bin,5082824
camlp4prof_572692.bin,572692
camlp4_977894.bin,977894
camlp4oof_6347054.bin,6347054
ocamllex_176598.bin,176598
camlp4o_5433315.bin,5433315
ocamlopt_3562225.bin,3562225
gst-inspect-1_94278.bin,94278
ocamldep_361858.bin,361858
mkcamlp4_939783.bin,939783
ocamldoc_5461018.bin,5461018
camlp4rf_6013203.bin,6013203
camlp4of_6347310.bin,6347310
ocamlrun_199064.bin,199064
ocamlmklib_84637.bin,84637
camlp4o_1349307.bin,1349307
ocamlc_1398554.bin,1398554
ocamlprof_324563.bin,324563
ocamlyacc_75437.bin,75437
ocamlobjinfo_189678.bin,189678
ocamlbuild_1285789.bin,1285789
ocamloptp_141184.bin,141184
ocaml_1518876.bin,1518876
ocamldebug_688282.bin,688282
ocamlbuild_2288562.bin,2288562
ocamllex_525865.bin,525865
ocamldoc_1948434.bin,1948434
gst-launch-1_63560.bin,63560
camlp4orf_1496496.bin,1496496
ocamlopt_1620252.bin,1620252
ocamldep_882747.bin,882747
camlp4of_1500974.bin,1500974
camlp4orf_6342919.bin,6342919
ocamlcp_140800.bin,140800
camlp4boot_1401847.bin,1401847
grpck_49704.bin,49704
tzconfig_106.bin,106
grub-macbless_797836.bin,797836
pppoe-discovery_17960.bin,17960
make-ssl-cert_3761.bin,3761
vpddecode_9724.bin,9724
adduser_35125.bin,35125
php5dismod_6363.bin,6363
libgvc6-config-update_9708.bin,9708
mkinitramfs_10051.bin,10051
nologin_5532.bin,5532
cytune_9704.bin,9704
pppdump_13832.bin,13832
apachectl_6402.bin,6402
accessdb_9712.bin,9712
a2ensite_13333.bin,13333
update-ca-certificates_4276.bin,4276
newusers_70512.bin,70512
remove-shell_749.bin,749
pam_timestamp_check_9756.bin,9756
php5query_5169.bin,5169
deluser_16516.bin,16516
e2freefrag_9664.bin,9664
grub-mkdevicemap_199364.bin,199364
zic_42572.bin,42572
validlocale_1773.bin,1773
pwck_41484.bin,41484
apparmor_status_6608.bin,6608
ntpdate-debian_593.bin,593
groupadd_53808.bin,53808
a2query_9854.bin,9854
tcpd_5584.bin,5584
update-catalog_9366.bin,9366
pam_getenv_2888.bin,2888
grub-install_1012216.bin,1012216
tunelp_9692.bin,9692
popcon-largest-unused_543.bin,543
update-grub2_64.bin,64
dpkg-reconfigure_4784.bin,4784
chroot_30440.bin,30440
update-apt-xapian-index_3522.bin,3522
grub-reboot_4113.bin,4113
atd_21880.bin,21880
update-info-dir_1691.bin,1691
update-passwd_26200.bin,26200
pam-auth-update_19550.bin,19550
pwconv_37292.bin,37292
a2dismod_13333.bin,13333
groupmod_64268.bin,64268
install-sgmlcatalog_4551.bin,4551
update-pciids_2905.bin,2905
cpgr_47688.bin,47688
logrotate_59280.bin,59280
useradd_107916.bin,107916
delgroup_16516.bin,16516
apache2_585476.bin,585476
pppd_323000.bin,323000
rsyslogd_528968.bin,528968
tcpdmatch_17980.bin,17980
arpd_38540.bin,38540
update-mime_8520.bin,8520
pppoeconf_18220.bin,18220
update-grub_64.bin,64
cron_38988.bin,38988
chat_22076.bin,22076
invoke-rc_14731.bin,14731
grub-mkconfig_7969.bin,7969
update-initramfs_9164.bin,9164
vigr_51944.bin,51944
mklost+found_5576.bin,5576
update-rc_16615.bin,16615
laptop-detect_2595.bin,2595
a2enmod_13333.bin,13333
aa-exec_2656.bin,2656
a2dissite_13333.bin,13333
grpconv_41416.bin,41416
add-shell_695.bin,695
ldattach_9708.bin,9708
tcpdchk_18024.bin,18024
dmidecode_75344.bin,75344
grub-set-default_3563.bin,3563
biosdecode_14076.bin,14076
e4defrag_26192.bin,26192
ownership_9640.bin,9640
popularity-contest_4259.bin,4259
chgpasswd_49680.bin,49680
grub-bios-setup_814412.bin,814412
a2disconf_13333.bin,13333
filefrag_13796.bin,13796
locale-gen_6575.bin,6575
nfnl_osf_9748.bin,9748
try-from_5560.bin,5560
irqbalance_43008.bin,43008
safe_finger_9764.bin,9764
tcpdump_891060.bin,891060
grub-probe_810280.bin,810280
aa-status_6608.bin,6608
grpunconv_41420.bin,41420
ip6tables-apply_7016.bin,7016
usermod_107820.bin,107820
ntpdate_98924.bin,98924
update-locale_3063.bin,3063
uuidd_17996.bin,17996
php5enmod_6363.bin,6363
a2enconf_13333.bin,13333
update-xmlcatalog_16674.bin,16674
addgroup_35125.bin,35125
update-grub-gfxpayload_241.bin,241
iptables-apply_7016.bin,7016
pppconfig_60931.bin,60931
readprofile_13888.bin,13888
cppw_47688.bin,47688
pppstats_13796.bin,13796
rmt_51072.bin,51072
tarcat_936.bin,936
mysqld_10716352.bin,10716352
fdformat_9688.bin,9688
apache2ctl_6402.bin,6402
pwunconv_32752.bin,32752
groupdel_49644.bin,49644
setvesablank_5600.bin,5600
sshd_834648.bin,834648
ufw_3926.bin,3926
iconvconfig_30320.bin,30320
chpasswd_45648.bin,45648
rtcwake_22312.bin,22312
vipw_51944.bin,51944
visudo_218404.bin,218404
dpkg-preconfigure_3604.bin,3604
rmt-tar_51072.bin,51072
acpid_46932.bin,46932
vcstime_5592.bin,5592
arp_48772.bin,48772
update-usbids_1076.bin,1076
service_4873.bin,4873
userdel_74668.bin,74668
upgrade-from-grub-legacy_1524.bin,1524
tasksel_23234.bin,23234
i686-linux-gnu-gcc-4_720324.bin,720324
i686-linux-gnu-gcc-4_306200.bin,306200
i686-linux-gnu-cpp_720324.bin,720324
apt-add-repository_6123.bin,6123
rtstat_13960.bin,13960
2to3-3_96.bin,96
tset_18056.bin,18056
showkey_9732.bin,9732
i686-linux-gnu-g++-4_310296.bin,310296
reset_18056.bin,18056
grub-mkfont_248340.bin,248340
tload_9788.bin,9788
byobu-disable-prompt_1302.bin,1302
envsubst_30268.bin,30268
gpasswd_66284.bin,66284
corelist_12755.bin,12755
make_163344.bin,163344
mysqlbinlog_3403512.bin,3403512
gtester_18100.bin,18100
gcov-4_30216.bin,30216
telnet_88304.bin,88304
shred_55084.bin,55084
mysql_install_db_14785.bin,14785
grub-syslinux2cfg_635588.bin,635588
fc-validate_9732.bin,9732
gcc-4_306200.bin,306200
dbiprof_6291.bin,6291
gcc-ar_22012.bin,22012
crontab_34824.bin,34824
md5sum_38600.bin,38600
ucf_38832.bin,38832
debconf-set-selections_2935.bin,2935
ncal_24452.bin,24452
find_158404.bin,158404
psfaddtable_17968.bin,17968
byobu-launcher-uninstall_1556.bin,1556
pod2text_11088.bin,11088
killall_18368.bin,18368
lzdiff_5518.bin,5518
nstat_17936.bin,17936
plog_146.bin,146
nm_39168.bin,39168
tic_63236.bin,63236
ssh-argv0_1456.bin,1456
infobrowser_195148.bin,195148
mysql_plugin_2831096.bin,2831096
lzgrep_5421.bin,5421
truncate_50924.bin,50924
ckbcomp_118756.bin,118756
fc-scan_9728.bin,9728
cut_38628.bin,38628
mk_modmap_16163.bin,16163
grub-mkrescue_828744.bin,828744
apt-cdrom_22200.bin,22200
rsync_387528.bin,387528
gpg_997464.bin,997464
zsoelim_46600.bin,46600
unexpand_30412.bin,30412
lesspipe_7758.bin,7758
xz_67516.bin,67516
sccmap_13860.bin,13860
unxz_67516.bin,67516
tput_9792.bin,9792
newgrp_30984.bin,30984
byobu-disable_1294.bin,1294
byobu-launch_3283.bin,3283
pkcheck_13992.bin,13992
c89-gcc_428.bin,428
locale_31924.bin,31924
circo_9688.bin,9688
gdbus_30508.bin,30508
ptardiff_2472.bin,2472
pygettext_22097.bin,22097
sha384sum_87756.bin,87756
nano_190576.bin,190576
gxl2gv_30620.bin,30620
run-this-one_3592.bin,3592
pycompile_11894.bin,11894
gettext_4616.bin,4616
whatis_46944.bin,46944
ubuntu-support-status_7385.bin,7385
base64_34504.bin,34504
stdbuf_59144.bin,59144
run-one-until-failure_3592.bin,3592
pod2latex_10339.bin,10339
ftp_82380.bin,82380
chattr_9712.bin,9712
perl_1556860.bin,1556860
less_145404.bin,145404
dot2gxl_30620.bin,30620
dpkg_260328.bin,260328
xzdiff_5518.bin,5518
acyclic_9692.bin,9692
lcf_7812.bin,7812
strace_264024.bin,264024
i686-linux-gnu-cpp-4_720324.bin,720324
lorder_2763.bin,2763
ssh_702148.bin,702148
gc_13812.bin,13812
mysql_3367800.bin,3367800
basename_26284.bin,26284
innochecksum_9576.bin,9576
tracepath6_13832.bin,13832
i686-linux-gnu-ar_55148.bin,55148
colrm_5556.bin,5556
nsupdate_54548.bin,54548
namei_17956.bin,17956
ssh-import-id_7771.bin,7771
apt_13932.bin,13932
add-apt-repository_6123.bin,6123
gvmap_394172.bin,394172
lzfgrep_5421.bin,5421
i386-linux-gnu-python-config_2914.bin,2914
tred_9716.bin,9716
who_46852.bin,46852
cmp_42680.bin,42680
sha256sum_46796.bin,46796
link_26280.bin,26280
logger_18320.bin,18320
sftp_124436.bin,124436
keep-one-running_3592.bin,3592
perror_2909476.bin,2909476
c2ph_36607.bin,36607
tac_30436.bin,30436
from_9680.bin,9680
python-config_2914.bin,2914
xzegrep_5421.bin,5421
fallocate_13800.bin,13800
gencat_18024.bin,18024
scriptreplay_9712.bin,9712
localedef_317812.bin,317812
byobu-launcher_1583.bin,1583
pstree_18128.bin,18128
tzselect_13240.bin,13240
grog_9851.bin,9851
top_94584.bin,94584
awk_436480.bin,436480
sha1sum_38600.bin,38600
linux-boot-prober_1577.bin,1577
tap2rpm_325.bin,325
i686-linux-gnu-ld_1042556.bin,1042556
slabtop_13896.bin,13896
rename_2987.bin,2987
apt-key_11838.bin,11838
uniq_34504.bin,34504
php5_8931368.bin,8931368
setkeycodes_9708.bin,9708
os-prober_4261.bin,4261
enc2xs_39221.bin,39221
hd_26192.bin,26192
view_2079904.bin,2079904
grub-script-check_248604.bin,248604
dpkg-deb_120876.bin,120876
i686-linux-gnu-dwp_2341372.bin,2341372
lsb_release_3716.bin,3716
python3_3507788.bin,3507788
byobu_6794.bin,6794
mysql_zap_3888.bin,3888
c89_428.bin,428
mysql_waitpid_2822372.bin,2822372
lex_292524.bin,292524
ffserver_17144632.bin,17144632
psed_53329.bin,53329
h2ph_28132.bin,28132
mysqld_safe_25454.bin,25454
mlocate_34452.bin,34452
dgawk_532256.bin,532256
iplogger_647.bin,647
chrt_17940.bin,17940
gvpr_5512.bin,5512
debconf-communicate_608.bin,608
byobu-enable-prompt_1452.bin,1452
gcc-nm_22012.bin,22012
lsusb_104304.bin,104304
lnstat_13960.bin,13960
pybuild_20997.bin,20997
apropos_46944.bin,46944
snice_22160.bin,22160
vimtutor_2084.bin,2084
lockfile-touch_9708.bin,9708
pgawk_436480.bin,436480
mysqlhotcopy_34852.bin,34852
debconf-copydb_1719.bin,1719
setmetamode_5664.bin,5664
compose_16840.bin,16840
grops_132880.bin,132880
ytasm_606216.bin,606216
sum_38632.bin,38632
xzfgrep_5421.bin,5421
www-browser_1376616.bin,1376616
colcrt_9656.bin,9656
chardet_4459.bin,4459
chcon_59176.bin,59176
xzgrep_5421.bin,5421
debconf-apt-progress_11541.bin,11541
cautious-launcher_853.bin,853
myisam_ftdump_3124388.bin,3124388
splitfont_5600.bin,5600
setsid_5556.bin,5556
python2_3156448.bin,3156448
pico_190576.bin,190576
unattended-upgrades_47719.bin,47719
dbiproxy_5479.bin,5479
mapscrn_18068.bin,18068
mcookie_9796.bin,9796
nslookup_108056.bin,108056
do-release-upgrade_6027.bin,6027
ipcontroller_651.bin,651
curl_149184.bin,149184
gcov_313140.bin,313140
line_5516.bin,5516
cc_306200.bin,306200
free_13848.bin,13848
expiry_18208.bin,18208
byobu-ctrl-a_4715.bin,4715
iptables-xml_81168.bin,81168
php_8931368.bin,8931368
locate_34452.bin,34452
sdiff_42732.bin,42732
ssh-agent_329144.bin,329144
byobu-keybindings_1505.bin,1505
script_13880.bin,13880
flock_9708.bin,9708
pdb2_46012.bin,46012
lefty_261256.bin,261256
ginstall-info_39092.bin,39092
mail-lock_9704.bin,9704
perldoc_125.bin,125
debconf-escape_647.bin,647
fc-list_9724.bin,9724
gdbus-codegen_1278.bin,1278
eqn_136588.bin,136588
dh_installxmlcatalogs_9664.bin,9664
infokey_18988.bin,18988
run-one-constantly_3592.bin,3592
dig_124312.bin,124312
mysqld_multi_23918.bin,23918
i686-linux-gnu-strings_26472.bin,26472
rlogin_702148.bin,702148
byobu-export_1259.bin,1259
py3clean_7269.bin,7269
dirname_26280.bin,26280
nohup_30408.bin,30408
manhole_287.bin,287
tasm_606216.bin,606216
ld_1042556.bin,1042556
byobu-select-profile_6276.bin,6276
expr_38600.bin,38600
c++filt_22136.bin,22136
mysqltest_3492992.bin,3492992
c99_454.bin,454
ffplay_19074040.bin,19074040
pygettext2_22097.bin,22097
vim_2079904.bin,2079904
uuidgen_5568.bin,5568
pygettext3_22368.bin,22368
slogin_702148.bin,702148
fdp_9688.bin,9688
f2py2_682.bin,682
python2-config_2914.bin,2914
toe_13848.bin,13848
groups_30408.bin,30408
calendar_26620.bin,26620
c99-gcc_454.bin,454
i686-linux-gnu-readelf_414640.bin,414640
w_18000.bin,18000
pinky_34568.bin,34568
glib-genmarshal_26196.bin,26196
f2py_679.bin,679
zipdetails_48078.bin,48078
fold_30408.bin,30408
env_26308.bin,26308
init-checkconf_6919.bin,6919
screen_406700.bin,406700
groff_75184.bin,75184
pydoc2_79.bin,79
gen-preseed_2568.bin,2568
hwe-support-status_10888.bin,10888
gvmap_2190.bin,2190
diffimg_9692.bin,9692
time_13952.bin,13952
perlthanks_41774.bin,41774
captoinfo_63236.bin,63236
dpkg-statoverride_50992.bin,50992
i686-linux-gnu-gcc-nm-4_22012.bin,22012
byobu-prompt_1155.bin,1155
mysqloptimize_3281496.bin,3281496
soelim_26200.bin,26200
check-language-support_2771.bin,2771
grub-mkstandalone_429940.bin,429940
i686-linux-gnu-g++_720324.bin,720324
renice_9668.bin,9668
shasum_8594.bin,8594
lockfile-remove_9708.bin,9708
clear_5528.bin,5528
lessecho_9692.bin,9692
ctstat_13960.bin,13960
diff_116624.bin,116624
ffmpeg_19192824.bin,19192824
mysqldumpslow_7402.bin,7402
unflatten_9724.bin,9724
g++-4_310296.bin,310296
pon_1625.bin,1625
pyhtmlizer_217.bin,217
pcre-config_2148.bin,2148
rvim_2079904.bin,2079904
trial_352.bin,352
strings_26472.bin,26472
vim_824556.bin,824556
peekfd_9712.bin,9712
dpkg-split_59212.bin,59212
mtr_72860.bin,72860
report-hw_2166.bin,2166
debconf_2859.bin,2859
mysqlcheck_3281496.bin,3281496
chfn_44620.bin,44620
byobu-select-session_1006.bin,1006
resolve_stack_dump_2822340.bin,2822340
dh_python2_1056.bin,1056
dumpkeys_58012.bin,58012
psfxtable_17968.bin,17968
podchecker_3784.bin,3784
deallocvt_9712.bin,9712
deb-systemd-helper_17607.bin,17607
gpic_166700.bin,166700
unicode_stop_530.bin,530
info_195148.bin,195148
lspgpot_1081.bin,1081
sfdp_9688.bin,9688
w3m_1376616.bin,1376616
ssh-keygen_452136.bin,452136
sort_100488.bin,100488
mysql_upgrade_3337720.bin,3337720
gpgv_362764.bin,362764
pl2pm_4531.bin,4531
json_pp_3918.bin,3918
lockfile-create_9708.bin,9708
lzma_67516.bin,67516
ipython_113.bin,113
readelf_414640.bin,414640
faillog_18168.bin,18168
mysqldump_3345848.bin,3345848
i686-linux-gnu-gcc-ranlib_22012.bin,22012
gvcolor_23224.bin,23224
pager_145404.bin,145404
mysqlshow_3276184.bin,3276184
vimdot_1051.bin,1051
m4_141272.bin,141272
apt-cache_104456.bin,104456
resizecons_13952.bin,13952
sha512sum_87756.bin,87756
tapconvert_219.bin,219
lesskey_14540.bin,14540
mysql_secure_installation_8198.bin,8198
print_16840.bin,16840
cpan2dist_21824.bin,21824
apport-unpack_1622.bin,1622
xzless_1825.bin,1825
whoami_26280.bin,26280
rpcgen_87960.bin,87960
ubuntu-bug_2504.bin,2504
i686-linux-gnu-strip_217004.bin,217004
bsd-from_9680.bin,9680
unlzma_67516.bin,67516
setarch_9668.bin,9668
on_ac_power_2251.bin,2251
setlogcons_5604.bin,5604
gml2gv_34612.bin,34612
perlbug_41774.bin,41774
as_351300.bin,351300
flex_292524.bin,292524
bison_375732.bin,375732
gobject-query_9700.bin,9700
manpath_30316.bin,30316
gawk_436480.bin,436480
pod2man_13665.bin,13665
printerbanner_17872.bin,17872
paste_26312.bin,26312
objdump_340300.bin,340300
grub-menulst2cfg_208088.bin,208088
innotop_400192.bin,400192
initctl2dot_18725.bin,18725
id_34532.bin,34532
lzcmp_5518.bin,5518
at_46652.bin,46652
byobu-reconnect-sockets_3262.bin,3262
csplit_46856.bin,46856
nl_38692.bin,38692
eject_30416.bin,30416
prename_2987.bin,2987
dh_perl_dbi_1065.bin,1065
ipcs_21964.bin,21964
addpart_5540.bin,5540
pkttyagent_9780.bin,9780
i686-linux-gnu-as_351300.bin,351300
mysqlbug_11117.bin,11117
touch_55080.bin,55080
ssh-import-id-lp_2509.bin,2509
gio-querymodules_9740.bin,9740
bcomps_13856.bin,13856
[_38596.bin,38596
omshell_1683956.bin,1683956
yacc_41.bin,41
twistd_269.bin,269
mysql_setpermission_17485.bin,17485
pstruct_36607.bin,36607
graphml2gv_18100.bin,18100
2to3-2_96.bin,96
size_26444.bin,26444
rename_5572.bin,5572
ssh-keyscan_464384.bin,464384
sudoreplay_76104.bin,76104
ranlib_55160.bin,55160
g++_310296.bin,310296
splain_18646.bin,18646
ssh-add_370092.bin,370092
byobu-screen_6794.bin,6794
aptitude_4266704.bin,4266704
i686-linux-gnu-gprof_96808.bin,96808
whereis_9980.bin,9980
i686-linux-gnu-gcov_313140.bin,313140
timeout_51404.bin,51404
mysqlrepair_3281496.bin,3281496
i386_9668.bin,9668
updatedb_38636.bin,38636
pkexec_18168.bin,18168
yasm_614472.bin,614472
last_18020.bin,18020
run-one_3592.bin,3592
fc-query_9700.bin,9700
bison_41.bin,41
aptitude-curses_4266704.bin,4266704
deb-systemd-invoke_3029.bin,3029
grub-mount_618972.bin,618972
dotlockfile_13960.bin,13960
pdb3_60893.bin,60893
tsort_34504.bin,34504
timedatectl_58800.bin,58800
mysqladmin_3280792.bin,3280792
grub-mkpasswd-pbkdf2_232544.bin,232544
pycolor_180.bin,180
loadkeys_86932.bin,86932
apport-collect_2504.bin,2504
troff_467504.bin,467504
mysqlanalyze_3281496.bin,3281496
hexdump_26192.bin,26192
myisamlog_3111460.bin,3111460
elfedit_30460.bin,30460
byobu-janitor_6130.bin,6130
mysqlreport_39016.bin,39016
xxd_13964.bin,13964
c++_310296.bin,310296
i686-linux-gnu-c++filt_22136.bin,22136
byobu-status-detail_1206.bin,1206
i686-linux-gnu-gcc-ranlib-4_22012.bin,22012
users_26312.bin,26312
miniterm_26091.bin,26091
localectl_58852.bin,58852
i686-linux-gnu-python2_2914.bin,2914
dpkg-trigger_63260.bin,63260
pic_166700.bin,166700
cpp-4_310296.bin,310296
ucfq_19367.bin,19367
od_63204.bin,63204
i686-linux-gnu-objdump_340300.bin,340300
lshw_773004.bin,773004
xzcmp_5518.bin,5518
install_116812.bin,116812
fc-cat_9780.bin,9780
stat_71496.bin,71496
grub-render-label_688492.bin,688492
usb-devices_4216.bin,4216
osage_9688.bin,9688
cksum_26312.bin,26312
apt-mark_42804.bin,42804
sudoedit_156708.bin,156708
pod2html_2038.bin,2038
find2perl_23599.bin,23599
select-editor_1215.bin,1215
i686-linux-gnu-objcopy_217000.bin,217000
i686-linux-gnu-g++-4_720324.bin,720324
iconv_50976.bin,50976
i686-linux-gnu-gcc_720324.bin,720324
landscape-sysinfo_624.bin,624
clear_console_9676.bin,9676
linux64_9668.bin,9668
ipengine_647.bin,647
i686-linux-gnu-gcc-nm_22012.bin,22012
lzcat_67516.bin,67516
batch_152.bin,152
atq_46652.bin,46652
routel_1262.bin,1262
psfstriptable_17968.bin,17968
watch_18368.bin,18368
patchwork_9688.bin,9688
mysql_find_rows_3315.bin,3315
libnetcfg_15719.bin,15719
update-mime-database_47020.bin,47020
i686-linux-gnu-gcc-ar_22012.bin,22012
ipcrm_9680.bin,9680
aptitude-create-state-bundle_1939.bin,1939
mysql_client_test_3703608.bin,3703608
cpp_720324.bin,720324
cal_24452.bin,24452
chage_53516.bin,53516
prove_11085.bin,11085
chsh_35916.bin,35916
mysql_tzinfo_to_sql_2793252.bin,2793252
fc-match_9752.bin,9752
parsechangelog_8704.bin,8704
hostnamectl_54800.bin,54800
ucfr_10458.bin,10458
strip_217004.bin,217004
gresource_13924.bin,13924
i686-linux-gnu-gcov-4_313140.bin,313140
update-alternatives_42612.bin,42612
poff_2837.bin,2837
dot_9688.bin,9688
byobu-config_995.bin,995
objcopy_217000.bin,217000
prune_13840.bin,13840
zdump_13828.bin,13828
vmstat_26176.bin,26176
twopi_9688.bin,9688
routef_173.bin,173
ffprobe_19097304.bin,19097304
bc_75760.bin,75760
editor_190576.bin,190576
python_3156448.bin,3156448
ptargrep_4239.bin,4239
i686-linux-gnu-gcc-ar-4_22012.bin,22012
neato_9688.bin,9688
byobu-layout_3302.bin,3302
byobu-silent_1301.bin,1301
pldd_13900.bin,13900
tracepath_9732.bin,9732
grub-mklayout_224248.bin,224248
sg_30984.bin,30984
rsh_702148.bin,702148
look_9700.bin,9700
kbdinfo_9720.bin,9720
pydoc3_79.bin,79
dot_builtins_9792.bin,9792
fc-cache_13908.bin,13908
g++-4_720324.bin,720324
ngettext_30264.bin,30264
skill_22160.bin,22160
apt-extracttemplates_18136.bin,18136
dbilogstrip_1465.bin,1465
dpkg-maintscript-helper_17218.bin,17218
lsattr_9704.bin,9704
tap2deb_237.bin,237
volname_5480.bin,5480
gcc-4_720324.bin,720324
apport-bug_2504.bin,2504
perl5.18_1556860.bin,1556860
i686-linux-gnu-size_26444.bin,26444
grub-kbdcomp_1681.bin,1681
yes_26276.bin,26276
gtbl_112252.bin,112252
ncursesw5-config_5948.bin,5948
setpci_17992.bin,17992
run-one-until-success_3592.bin,3592
lexgrog_83644.bin,83644
factor_104168.bin,104168
ionice_17936.bin,17936
i686-linux-gnu-elfedit_30460.bin,30460
perlivp_10823.bin,10823
grub-ntldr-img_34320.bin,34320
grub-file_679956.bin,679956
python3m_3507788.bin,3507788
lsof_161888.bin,161888
write_9748.bin,9748
grotty_91536.bin,91536
glib-mkenums_17968.bin,17968
sudo_156708.bin,156708
xzcat_67516.bin,67516
nroff_3403.bin,3403
i686-linux-gnu-ld_2513280.bin,2513280
byobu-shell_1467.bin,1467
unattended-upgrade_47719.bin,47719
tee_26308.bin,26308
infocmp_50892.bin,50892
gv2gxl_30620.bin,30620
pyversions_15046.bin,15046
byobu-quiet_1405.bin,1405
lastb_18020.bin,18020
vimdiff_2079904.bin,2079904
getconf_17932.bin,17932
linux32_9668.bin,9668
pgrep_22176.bin,22176
cluster_385980.bin,385980
ipcluster_648.bin,648
tty_26276.bin,26276
setterm_26156.bin,26156
byobu-status_4717.bin,4717
myisamchk_3246212.bin,3246212
xzmore_2168.bin,2168
gettext_30256.bin,30256
tail_63272.bin,63272
nproc_26312.bin,26312
mysql_convert_table_format_4245.bin,4245
pydoc_79.bin,79
du_108420.bin,108420
pmap_26256.bin,26256
grub-mknetdir_352008.bin,352008
dh_numpy_1983.bin,1983
wpa_passphrase_42904.bin,42904
fc-pattern_9724.bin,9724
igawk_3188.bin,3188
file_17988.bin,17988
gcc-nm-4_22012.bin,22012
gsettings_18092.bin,18092
mandb_124684.bin,124684
gpg-zip_3303.bin,3303
getent_22492.bin,22492
comm_30408.bin,30408
wall_18056.bin,18056
apt-ftparchive_202992.bin,202992
sprof_22160.bin,22160
taskset_17948.bin,17948
acpi_listen_9940.bin,9940
apt-get_125204.bin,125204
i686-linux-gnu-nm_39168.bin,39168
sensible-pager_288.bin,288
sha224sum_46796.bin,46796
head_38600.bin,38600
pkg-config_38592.bin,38592
lscpu_30336.bin,30336
rev_9692.bin,9692
run-mailcap_16840.bin,16840
ul_13788.bin,13788
lzegrep_5421.bin,5421
arch_26312.bin,26312
mysql_fix_extensions_1261.bin,1261
gold_2513280.bin,2513280
chkdupexe_3676.bin,3676
diff3_55088.bin,55088
psfgettable_17968.bin,17968
pyclean_4123.bin,4123
py3versions_11203.bin,11203
see_16840.bin,16840
neqn_271.bin,271
scp_71080.bin,71080
gcc_306200.bin,306200
logname_26280.bin,26280
pod2latex_10340.bin,10340
numfmt_63240.bin,63240
mysqlimport_3277016.bin,3277016
printf_46792.bin,46792
setleds_9748.bin,9748
i686-linux-gnu-ranlib_55160.bin,55160
piconv_7337.bin,7337
expand_30408.bin,30408
replace_2805540.bin,2805540
lzmainfo_9720.bin,9720
py3compile_12120.bin,12120
grub-mkrelpath_223928.bin,223928
dh_python3_11979.bin,11979
mtrace_6475.bin,6475
host_108056.bin,108056
gcov-4_313140.bin,313140
vi_2079904.bin,2079904
ddate_9920.bin,9920
uptime_9724.bin,9724
byobu-select-backend_1451.bin,1451
dotty_2085.bin,2085
ipython2_369.bin,369
apt-sortpkgs_26244.bin,26244
test_34504.bin,34504
lspci_68820.bin,68820
w3mman_1132.bin,1132
glib-gettextize_5380.bin,5380
oldfind_158404.bin,158404
s2p_53329.bin,53329
unlink_26280.bin,26280
ex_2079904.bin,2079904
preconv_38584.bin,38584
i686-linux-gnu-addr2line_26508.bin,26508
apport-cli_12566.bin,12566
split_67820.bin,67820
showconsolefont_13860.bin,13860
ccomps_18008.bin,18008
loadunimap_22168.bin,22168
patch_153640.bin,153640
grub-fstest_810696.bin,810696
ptar_3524.bin,3524
gtester-report_18665.bin,18665
prtstat_13836.bin,13836
fmt_34500.bin,34500
nice_30408.bin,30408
openssl_506300.bin,506300
column_9724.bin,9724
ptx_59204.bin,59204
resizepart_30356.bin,30356
apt-config_18060.bin,18060
codepage_9708.bin,9708
ld_2513280.bin,2513280
pkill_22176.bin,22176
config_data_7230.bin,7230
usbhid-dump_22148.bin,22148
dwp_2341372.bin,2341372
mysqlslap_3294232.bin,3294232
rview_2079904.bin,2079904
dpkg-query_128964.bin,128964
getopt_13808.bin,13808
flex++_292524.bin,292524
a2p_105100.bin,105100
axi-cache_33509.bin,33509
pr_59172.bin,59172
my_print_defaults_2822788.bin,2822788
wget_411956.bin,411956
lockfile-check_9708.bin,9708
gcc-ranlib_22012.bin,22012
h2xs_60690.bin,60690
mm2gv_87772.bin,87772
ntfsdecrypt_42492.bin,42492
byobu-ulevel_11996.bin,11996
sensible-browser_1436.bin,1436
seq_42692.bin,42692
grub-glue-efi_224088.bin,224088
dijkstra_13920.bin,13920
ar_55148.bin,55148
catman_34412.bin,34412
glib-compile-schemas_38764.bin,38764
cpan_5860.bin,5860
gvpack_22320.bin,22320
instmodsh_4336.bin,4336
dircolors_34508.bin,34508
pdb_46012.bin,46012
screendump_9728.bin,9728
geqn_136588.bin,136588
pkaction_9756.bin,9756
tabs_13856.bin,13856
msql2mysql_1446.bin,1446
debconf-show_1827.bin,1827
ssh-copy-id_9325.bin,9325
cpanp-run-perl_545.bin,545
update-mime-database_672.bin,672
cpp-4_720324.bin,720324
2to3_96.bin,96
glib-compile-resources_30580.bin,30580
byobu-ugraph_4667.bin,4667
gv2gml_17932.bin,17932
irunner_180.bin,180
xauth_34948.bin,34948
gpgsplit_50948.bin,50948
dh_bash-completion_2534.bin,2534
mkfifo_26312.bin,26312
lessfile_7758.bin,7758
unshare_5568.bin,5568
partx_42996.bin,42996
traceroute6_18136.bin,18136
bashbug_6957.bin,6957
dbus-monitor_13888.bin,13888
getkeycodes_9712.bin,9712
gvgen_17848.bin,17848
atrm_46652.bin,46652
xsubpp_4556.bin,4556
addr2line_26508.bin,26508
dpkg-divert_124940.bin,124940
catchsegv_3330.bin,3330
lneato_1547.bin,1547
mail-unlock_9704.bin,9704
grub-mkimage_314808.bin,314808
sotruss_4369.bin,4369
tr_42692.bin,42692
ncurses5-config_5947.bin,5947
myisampack_3149348.bin,3149348
gxl2dot_30620.bin,30620
ltrace_263680.bin,263680
python2_2914.bin,2914
man_101024.bin,101024
ischroot_5592.bin,5592
ipcmk_9676.bin,9676
mesg_5604.bin,5604
grub-editenv_228312.bin,228312
nop_9672.bin,9672
byobu-launcher-install_2438.bin,2438
resolveip_2822340.bin,2822340
delpart_5536.bin,5536
ssh-import-id-gh_2118.bin,2118
byobu-tmux_6794.bin,6794
rgrep_30.bin,30
sensible-editor_1109.bin,1109
pg_30384.bin,30384
edit_16840.bin,16840
passwd_45420.bin,45420
lsinitramfs_767.bin,767
xargs_38568.bin,38568
hostid_26280.bin,26280
gcc-ranlib-4_22012.bin,22012
i686-linux-gnu-python-config_2914.bin,2914
col_9668.bin,9668
byobu-enable_1238.bin,1238
shuf_46856.bin,46856
gprof_96808.bin,96808
nawk_436480.bin,436480
gcc-ar-4_22012.bin,22012
savelog_10469.bin,10469
bsd-write_9748.bin,9748
i686-linux-gnu-cpp-4_310296.bin,310296
lzmore_2168.bin,2168
join_38600.bin,38600
infotocap_63236.bin,63236
dbus-send_18052.bin,18052
ldd_5424.bin,5424
tmux_439364.bin,439364
runcon_30440.bin,30440
wc_38660.bin,38660
pathchk_26312.bin,26312
i386-linux-gnu-python2_2914.bin,2914
install-info_1216.bin,1216
dh_pypy_11854.bin,11854
pftp_82380.bin,82380
aptitude-run-state-bundle_2850.bin,2850
lzless_1825.bin,1825
tbl_112252.bin,112252
pcimodules_9872.bin,9872
mysqlaccess_111539.bin,111539
podselect_2612.bin,2612
lastlog_13864.bin,13864
netkit-ftp_82380.bin,82380
which_946.bin,946
helpztags_2480.bin,2480
pod2usage_3755.bin,3755
mawk_110760.bin,110760
cpanp_3398.bin,3398
pwdx_9740.bin,9740
mail-touchlock_9704.bin,9704
c_rehash_4660.bin,4660
printenv_26284.bin,26284
rcp_71080.bin,71080
mkdosfs_26712.bin,26712
mountall_95872.bin,95872
swapon_26264.bin,26264
isosize_13804.bin,13804
hwclock_46764.bin,46764
fdisk_105444.bin,105444
regdbdump_9700.bin,9700
mkfs_100588.bin,100588
mkfs_9668.bin,9668
rtmon_34352.bin,34352
ntfslabel_26036.bin,26036
dosfslabel_54896.bin,54896
ifquery_60668.bin,60668
lsmod_157536.bin,157536
fsck_30540.bin,30540
fsck_254284.bin,254284
cfdisk_56292.bin,56292
mkfs_26712.bin,26712
dhclient_1786552.bin,1786552
runlevel_9576.bin,9576
mke2fs_100588.bin,100588
modprobe_157536.bin,157536
iwgetid_9672.bin,9672
tc_289028.bin,289028
slattach_27724.bin,27724
mkfs_26220.bin,26220
startpar-upstart-inject_5584.bin,5584
iptables-save_81168.bin,81168
route_56176.bin,56176
ntfscp_30132.bin,30132
apparmor_parser_853376.bin,853376
stop_183136.bin,183136
wpa_action_1735.bin,1735
startpar_34656.bin,34656
unix_chkpwd_30432.bin,30432
ntfsclone_58812.bin,58812
fsck_54900.bin,54900
upstart-event-bridge_124388.bin,124388
upstart-udev-bridge_71160.bin,71160
iwpriv_13804.bin,13804
e2fsck_254284.bin,254284
blkid_30472.bin,30472
unix_update_30400.bin,30400
pam_tally_9740.bin,9740
shutdown_79692.bin,79692
ip6tables_81168.bin,81168
plymouthd_76036.bin,76036
rmmod_157536.bin,157536
swapoff_26264.bin,26264
badblocks_26224.bin,26224
resize2fs_51060.bin,51060
mount_58988.bin,58988
blockdev_22104.bin,22104
fstab-decode_5572.bin,5572
ureadahead_46576.bin,46576
xtables-multi_81168.bin,81168
nameif_9840.bin,9840
dmsetup_69076.bin,69076
mkswap_22152.bin,22152
mntctl_26168.bin,26168
mount_63068.bin,63068
iptables-restore_81168.bin,81168
iptables_81168.bin,81168
getty_26756.bin,26756
e2undo_9764.bin,9764
ifdown_60668.bin,60668
dosfsck_54900.bin,54900
switch_root_9724.bin,9724
sulogin_13968.bin,13968
init_252080.bin,252080
ntfsresize_83388.bin,83388
upstart-socket-bridge_128488.bin,128488
capsh_18052.bin,18052
start-stop-daemon_26776.bin,26776
ifconfig_69484.bin,69484
iwevent_13860.bin,13860
depmod_157536.bin,157536
ip6tables-restore_81168.bin,81168
status_183136.bin,183136
mii-tool_14204.bin,14204
ntfsundelete_50612.bin,50612
losetup_42624.bin,42624
fsck_30292.bin,30292
insmod_157536.bin,157536
wpa_supplicant_1803532.bin,1803532
poweroff_13896.bin,13896
findfs_5552.bin,5552
reboot_13896.bin,13896
iwlist_30296.bin,30296
setvtrgb_9824.bin,9824
mkfs_87484.bin,87484
apm_available_5544.bin,5544
bridge_54928.bin,54928
wpa_cli_86384.bin,86384
ldconfig_387.bin,387
e2label_67660.bin,67660
pivot_root_5524.bin,5524
restart_183136.bin,183136
iwconfig_26152.bin,26152
pam_tally2_9784.bin,9784
telinit_99844.bin,99844
rtacct_28296.bin,28296
ldconfig_828928.bin,828928
debugfs_112524.bin,112524
tune2fs_67660.bin,67660
MAKEDEV_52466.bin,52466
setcap_9712.bin,9712
hdparm_105224.bin,105224
ipmaddr_13828.bin,13828
getpcaps_5584.bin,5584
start_183136.bin,183136
swaplabel_9736.bin,9736
modinfo_157536.bin,157536
sysctl_18012.bin,18012
killall5_18060.bin,18060
mount_9576.bin,9576
fatlabel_54896.bin,54896
mkhomedir_helper_17972.bin,17972
acpi_available_5532.bin,5532
upstart-local-bridge_128568.bin,128568
iptunnel_17932.bin,17932
initctl_183136.bin,183136
getcap_5600.bin,5600
parted_79912.bin,79912
logsave_9724.bin,9724
agetty_26756.bin,26756
fsfreeze_9672.bin,9672
mkntfs_87484.bin,87484
ethtool_256388.bin,256388
ip6tables-save_81168.bin,81168
upstart-file-bridge_136704.bin,136704
e2image_30404.bin,30404
plipconfig_5580.bin,5580
fstrim-all_3002.bin,3002
installkernel_2382.bin,2382
raw_9660.bin,9660
upstart-dbus-bridge_128628.bin,128628
ifup_60668.bin,60668
mkfs_17916.bin,17916
fstrim_13804.bin,13804
shadowconfig_885.bin,885
wipefs_17972.bin,17972
reload_183136.bin,183136
fsck_333.bin,333
partprobe_9696.bin,9696
rarp_27784.bin,27784
resolvconf_5630.bin,5630
dumpe2fs_18032.bin,18032
udevd_235064.bin,235064
mkfs_30300.bin,30300
kbdrate_9744.bin,9744
fsck_13820.bin,13820
dhclient-script_14269.bin,14269
sfdisk_64100.bin,64100
iwspy_9688.bin,9688
ip_315804.bin,315804
udevadm_243220.bin,243220
halt_13896.bin,13896
biosdevname_30460.bin,30460
ctrlaltdel_5548.bin,5548
crda_13860.bin,13860
domainname_13868.bin,13868
plymouth-upstart-bridge_30512.bin,30512
dd_59208.bin,59208
bzip2_30240.bin,30240
gunzip_2303.bin,2303
echo_26280.bin,26280
sed_63692.bin,63692
ed_42716.bin,42716
bzdiff_2140.bin,2140
mt_67668.bin,67668
mountpoint_5600.bin,5600
vdir_108712.bin,108712
fuser_30776.bin,30776
ping6_43316.bin,43316
zgrep_5940.bin,5940
date_59144.bin,59144
bash_986672.bin,986672
ls_108708.bin,108708
ntfstruncate_38280.bin,38280
sync_26280.bin,26280
ntfsdump_logfile_21864.bin,21864
mv_116712.bin,116712
readlink_38604.bin,38604
mt-gnu_67668.bin,67668
sh_112204.bin,112204
zfgrep_142.bin,142
ping_38932.bin,38932
lowntfs-3g_63068.bin,63068
rmdir_38600.bin,38600
kill_22160.bin,22160
dbus-cleanup-sockets_9736.bin,9736
ntfscluster_34228.bin,34228
ntfs-3g_71044.bin,71044
mkdir_46856.bin,46856
bzip2recover_9624.bin,9624
rnano_190576.bin,190576
bzmore_1297.bin,1297
zcat_1939.bin,1939
setfont_38680.bin,38680
bzcat_30240.bin,30240
ss_75540.bin,75540
cat_46884.bin,46884
ntfscmp_34228.bin,34228
kbd_mode_9708.bin,9708
ntfsmftalloc_26000.bin,26000
loginctl_91628.bin,91628
dnsdomainname_13868.bin,13868
false_26280.bin,26280
cpio_138900.bin,138900
ulockmgr_server_13672.bin,13672
zforce_2133.bin,2133
rm_55044.bin,55044
pidof_18060.bin,18060
dbus-daemon_457048.bin,457048
chgrp_55048.bin,55048
ntfs-3g_9628.bin,9628
stty_59112.bin,59112
fgconsole_9712.bin,9712
dbus-uuidgen_5604.bin,5604
open_13924.bin,13924
rbash_986672.bin,986672
whiptail_22252.bin,22252
bzegrep_3642.bin,3642
bunzip2_30240.bin,30240
zcmp_1779.bin,1779
openvt_13924.bin,13924
login_43432.bin,43432
gzip_88712.bin,88712
lsblk_43320.bin,43320
ntfsck_30080.bin,30080
su_35300.bin,35300
tailf_13856.bin,13856
grep_178216.bin,178216
uname_26312.bin,26312
gzexe_5937.bin,5937
plymouth_34480.bin,34480
zmore_1912.bin,1912
ntfsinfo_58820.bin,58820
mount_88752.bin,88752
sleep_26280.bin,26280
run-parts_14088.bin,14088
more_34512.bin,34512
static-sh_1713424.bin,1713424
findmnt_34888.bin,34888
ln_50952.bin,50952
mknod_34504.bin,34504
chvt_9708.bin,9708
red_89.bin,89
znew_5049.bin,5049
zless_2039.bin,2039
egrep_174088.bin,174088
nc_30320.bin,30320
fusermount_30112.bin,30112
bzless_1297.bin,1297
ntfscat_26036.bin,26036
true_26280.bin,26280
zegrep_142.bin,142
ntfs-3g_58988.bin,58988
ntfsls_31228.bin,31228
bzcmp_2140.bin,2140
fgrep_133000.bin,133000
setupcon_12052.bin,12052
dash_112204.bin,112204
zdiff_5766.bin,5766
dir_108708.bin,108708
busybox_1713424.bin,1713424
cp_124932.bin,124932
dmesg_22040.bin,22040
ntfsmove_34228.bin,34228
netstat_113832.bin,113832
umount_67704.bin,67704
hostname_13868.bin,13868
ntfs-3g_13672.bin,13672
nisdomainname_13868.bin,13868
bzexe_4877.bin,4877
ntfsfix_42428.bin,42428
ps_87996.bin,87996
kmod_157536.bin,157536
chown_59144.bin,59144
mktemp_38664.bin,38664
tar_347540.bin,347540
unicode_start_2762.bin,2762
ntfswipe_46776.bin,46776
chmod_50920.bin,50920
bzfgrep_3642.bin,3642
pwd_26340.bin,26340
running-in-container_254.bin,254
tempfile_9604.bin,9604
netcat_30320.bin,30320
df_96428.bin,96428
bzgrep_3642.bin,3642
ypdomainname_13868.bin,13868
uncompress_2303.bin,2303
